code,system
N001.12,readv2
N00y.11,readv2
N001000,readv2
N001.11,readv2
7340BA,readv2
N001200,readv2
9hR..00,readv2
9hR0.00,readv2
9hR1.00,readv2
N04..00,readv2
N04..11,readv2
N04yz00,readv2
N043000,readv2
N04y.00,readv2
Nyu1.00,readv2
N04z.00,readv2
N040.00,readv2
14G1.00,readv2
7123.00,readv2
9mM0.00,readv2
9mM1.00,readv2
9mM2.00,readv2
N10y000,readv2
N10y.00,readv2
Nyu6.00,readv2
N10..00,readv2
N10yz00,readv2
N040M00,readv2
N040L00,readv2
N040K00,readv2
N040E00,readv2
N040J00,readv2
N040300,readv2
N040800,readv2
N040600,readv2
N040H00,readv2
N040C00,readv2
N040400,readv2
N040S00,readv2
N040G00,readv2
7340BC,readv2
7340A,readv2
7340D,readv2
M210400,readv2
N001.00,readv2
N045000,readv2
N100.00,readv2
9mM3.00,readv2
9mM..00,readv2
9mM4.00,readv2
N045600,readv2
N043200,readv2
F396100,readv2
7341.00,readv2
N000000,readv2
66H..13,readv2
N040F00,readv2
N102.00,readv2
N040D00,readv2
N04y000,readv2
H570.00,readv2
7P20300,readv2
N040500,readv2
N040B00,readv2
N060.11,readv2
N101.00,readv2
M210.11,readv2
N040Q00,readv2
7341CL,readv2
N042100,readv2
N040700,readv2
66HB000,readv2
N040T00,readv2
N040N00,readv2
N00z.00,readv2
N00y.00,readv2
7340C,readv2
F37X.00,readv2
F371000,readv2
F371200,readv2
N042000,readv2
N000400,readv2
G5y8.00,readv2
G5yA.00,readv2
N002.00,readv2
H121500,readv2
H160400,readv2
715 MR,readv2
7179FN,readv2
N2z..00,readv2
N043300,readv2
N2y..00,readv2
F396400,readv2
F396600,readv2
N003X00,readv2
N003.00,readv2
Nyu4400,readv2
N003.11,readv2
N003100,readv2
N003000,readv2
Nyu4E00,readv2
7149A,readv2
N200.00,readv2
N044.12,readv2
7179PR,readv2
N20..00,readv2
718 BH,readv2
N043100,readv2
7341AD,readv2
7341AC,readv2
N045100,readv2
N040P00,readv2
N04y300,readv2
L 151E,readv2
N04y111,readv2
L 151F,readv2
7161.00,readv2
N004.00,readv2
N231400,readv2
N04y200,readv2
N005.00,readv2
N043.00,readv2
N04y011,readv2
N002.11,readv2
F4A3200,readv2
N040000,readv2
N040100,readv2
7124A,readv2
Nyu6100,readv2
N240000,readv2
Nyu1200,readv2
Nyu6500,readv2
N042.00,readv2
N042z00,readv2
N045500,readv2
N043z00,readv2
N045.00,readv2
G759.00,readv2
N040900,readv2
N040A00,readv2
C37z.11,readv2
N240700,readv2
N047.00,readv2
Nyu1100,readv2
Nyu1G00,readv2
N04X.00,readv2
K01x400,readv2
H57y400,readv2
N000z00,readv2
7341AA,readv2
6954.00,readv2
N000.00,readv2
N000200,readv2
ZRq9.00,readv2
388p.00,readv2
ZRq8.00,readv2
ZRq8.11,readv2
7179GA,readv2
7179G,readv2
N240200,readv2
N240.00,readv2
N240z00,readv2
7179GB,readv2
N040200,readv2
38DZ000,readv2
38DZ.00,readv2
718 AH,readv2
718,readv2
N041.00,readv2
7121.00,readv2
PH12.11,readv2
H57y300,readv2
F396700,readv2
N000300,readv2
Nyu1000,readv2
7123CR,readv2
M210z00,readv2
M210.00,readv2
M210000,readv2
K0H..00,readv2
K0J0.00,readv2
2A42.00,readv2
N040R00,readv2
N042200,readv2
N044.11,readv2
N044.00,readv2
Nyu4500,readv2
Nyu4300,readv2
N000100,readv2
N00..11,readv2
N001100,readv2